{"slug":"weho","generatedAt":"2026-06-23T15:22:33.686Z","count":1,"occluders":[{"polygon":[[-118.38035371727307,34.0901911],[-118.38036243670513,34.09021804933525],[-118.38038625863653,34.09023777761788],[-118.3804188,34.0902449986705],[-118.38045134136347,34.09023777761788],[-118.38047516329488,34.09021804933525],[-118.38048388272694,34.0901911],[-118.38047516329488,34.09016415066475],[-118.38045134136347,34.09014442238212],[-118.3804188,34.0901372013295],[-118.38038625863653,34.09014442238212],[-118.38036243670513,34.09016415066475]],"height":8,"opacity":0.5}]}